﻿column name,description
count,total count of parcels
enviroscren_tracts,number of disadvantaged CalEnviroScreen census tracts
geog_id,unique ID for geographies
id,unique ID for geographies
income_quintile,quintile number
income_range,each income quintile corresponds to a specific income range
med_income,median household income
name,official geography name
net_solar_pot,net solar potential in kilowatt-hours (solar potential minus consumption) (2010 only)
pct_elec,percentage of consumption accounted for by electricity
pct_ng,percentage of consumption accounted for by natural gas
pct_own,percentage who own their residence
pct_rent,percentage who rent their residence
pop,population
pop_sqmi,population per square mile
solar_pot,solar potential in kilowatt-hours (2010 only)
solar_potential,solar potential per use-type/geography/year (kWh only) in 2010
sqft,total square footage of all parcels per geography
sqft_id,unique ID for built square footage range (see sqft_id_ranges.csv)
sqmi,total square miles
usage,annual consumption
usage_med,median annual consumption
usage_med_sqft,median annual consumption per built square foot
usage_percap,per capita consumption for parcels whose use-type is residential
usetype,parcel use-type
vintage_id,unique ID for building vintage (see vintage_id_ranges.csv)
year,year of consumption